{"cameraMode":{"drawMode":0,"name":"Shaded","section":"Shading Mode"},"sceneLighting":true,"audioPlay":false,"sceneViewState":{"showFog":true,"showMaterialUpdate":false,"showSkybox":true,"showFlares":true,"showImageEffects":true,"showParticleSystems":true},"in2DMode":false,"pivot":{"x":0.570122241973877,"y":1.2862310409545899,"z":1.1095309257507325},"rotation":{"x":-0.24967199563980103,"y":0.39791059494018557,"z":-0.11347821354866028,"w":-0.875475287437439},"size":5.106478214263916,"orthographic":false}