{"cameraMode":{"drawMode":0,"name":"Shaded","section":"Shading Mode"},"sceneLighting":true,"audioPlay":false,"sceneViewState":{"showFog":true,"showMaterialUpdate":false,"showSkybox":true,"showFlares":true,"showImageEffects":true,"showParticleSystems":true},"in2DMode":false,"pivot":{"x":0.018798828125,"y":1.9891357421875,"z":-1.34814453125},"rotation":{"x":0.13212242722511292,"y":-0.1201227605342865,"z":0.016132332384586335,"w":0.9837948083877564},"size":3.4835286140441896,"orthographic":true}